{
  "entity.villager.ambient": {
    "replace": true,
    "sounds": []
  },
  "entity.villager.work_armorer": {
    "replace": true,
    "sounds": []
  },
  "entity.villager.work_butcher": {
    "replace": true,
    "sounds": []
  },
  "entity.villager.work_cartographer": {
    "replace": true,
    "sounds": []
  },
  "entity.villager.work_cleric": {
    "replace": true,
    "sounds": []
  },
  "entity.villager.work_farmer": {
    "replace": true,
    "sounds": []
  },
  "entity.villager.work_fisherman": {
    "replace": true,
    "sounds": []
  },
  "entity.villager.work_fletcher": {
    "replace": true,
    "sounds": []
  },
  "entity.villager.work_leatherworker": {
    "replace": true,
    "sounds": []
  },
  "entity.villager.work_librarian": {
    "replace": true,
    "sounds": []
  },
  "entity.villager.work_mason": {
    "replace": true,
    "sounds": []
  },
  "entity.villager.work_shepherd": {
    "replace": true,
    "sounds": []
  },
  "entity.villager.work_toolsmith": {
    "replace": true,
    "sounds": []
  },
  "autostop.info": {
    "sounds": ["autostop/info"]
  },
  "autostop.warning": {
    "sounds": ["autostop/warning"]
  },
  "autostop.explode": {
    "sounds": ["autostop/explode"]
  },
 "knight.swoon": {
   "sounds": ["custom/snd_swoon"]
 },
 "knight.cut": {
  "sounds": ["custom/snd_cut1", "custom/snd_cut2"]
 }
}