<ActorFrame><children>
  <Layer
    Type = "Quad"
    Name = "BG"
    InitCommand="%function(self)
      xero();
      self:xywh(scx,scy,sw,sh);
      self:diffuse(0,0,0,1)
    end"
  />

  <!-- Mr. Sys Section -->
  <Layer
    File = "bg/bars.png"
    Name = "barBG"
    OnCommand="%function(self)
      xero();
      self:zoom(1.5)
      self:xy(scx,scy);
      self:diffuse(0.5,0.5,0.5,1)
    end"
  />

  <!-- Duck Hunk Section -->
  <Layer
    Type = "Quad"
    Name = "duckBG"
    OnCommand = "%function(self)
      xero();
      self:xywh(scx,scy,sw,sh);
      self:diffuse(85/255, 149/255, 218/255, 0);
    end"
  />

  <Layer
    File = "bg/tree"
    Name = "duckTree"
    OnCommand = "%function(self)
      xero();
      self:xy(-150,scy - 50);
      self:zoom(3);
      self:texturefiltering(false);
    end"
  />

  <Layer
    File = "bg/arbust"
    Name = "duckBust"
    OnCommand = "%function(self)
      xero();
      self:xy(sw + 150,scy + 50);
      self:zoom(3);
      self:texturefiltering(false);
    end"
  />

  <Layer
    File = "bg/grass"
    Name = "fuckGrass"
    OnCommand = "%function(self)
      xero();
      self:xy(scx,sh - 75);
      self:zoom(2)
      -- disable anti aliasing cuz i can
      self:texturefiltering(false)
      self:diffusealpha(0);
    end"
  />

  <!-- Bowser Section -->
  <Layer
    File = "bg/castle2"
    Name = "castle2"
    OnCommand = "%function(self)
      xero();
      self:xy(scx,-100);
      self:zoom(2);
      self:texturefiltering(false);
    end"
  />

  <Layer
    File = "bg/castle.png"
    Name = "castle1"
    OnCommand = "%function(self)
      xero();
      self:zoom(2);
      self:xy(scx,sh);
      self:texturefiltering(false);
    end"
  />

  <Layer
    File = "bg/platnes"
    Name = "platform"
    OnCommand = "%function(self)
      xero();
      self:zoom(2);
      self:xy(sw+50,scy - 50);
      self:texturefiltering(false);
    end"
  />

  <Layer File = "bg/fire" Name = "Fire[0]" />
  <Layer File = "bg/fire" Name = "Fire[1]" />
  <Layer File = "bg/fire" Name = "Fire[2]" />
  <Layer File = "bg/fire" Name = "Fire[3]" />
  <Layer File = "bg/fire" Name = "Fire[4]" />

  <Layer
    File = "bg/neslava 1x4"
    Name = "Lava"
    OnCommand = "%function (self)
      xero();
      self:xy(scx,sh*2);
      self:texturefiltering(false);
      self:zoom(2);
    end"
  />

  <!-- what the fuck is happening -->
  <Layer
    File = "bg/GlitchedDuckBG.sprite"
    Name = "DuckGlitched"
    OnCommand = "%function(self)
      xero();
      self:xy(scx + 15,scy + 10);
      self:zoom(1.5)
      self:hidden(1);
    end"
  />

  <Layer
    File = "bg/GlitchedCastleBG.sprite"
    Name = "CastleGlitched"
    OnCommand = "%function(self)
      xero();
      self:xy(scx,scy);
      self:zoom(1.5)
      self:hidden(1);
    end"
  />

  <Layer
    File = "bg/Static.sprite"
    Name = "Static"
    OnCommand = "%function(self)
      xero();
      self:xy(scx,scy);
      self:zoom(0.7)
      self:hidden(1);
    end"
  />

  <Layer Type = "Quad" Name = "BGCover" />

  <!-- YOU CANNOT BEAT US -->
  <Layer
    Type = "BitmapText"
    Font = "_super mario bros.ini"
    Text = ""
    Name = "Text"
    OnCommand="%function(self)
      xero();
      self:xy(scx, scy);
      self:zoom(2.5)
      self:wrapwidthpixels(sw/2.5);
    end"
  />

  <Layer Type = "ActorFrame" Name = "threed" FOV = "60"><children>
    <Layer
    File = "bg/ClownCar"
    Name = "ClownCar"
    OnCommand = "%function(self)
      xero();
      self:xy(scx,scy);
      self:texturefiltering(false);
      self:diffusealpha(0);
      self:zoom(2.5);
    end"
  />
  </children></Layer>

  <!-- Lightning and Fellas -->
  <Layer
    File = "bg/ycbu_lightning.sprite"
    Name = "lightning[0]"
    OnCommand="%function(self)
      xero();
      self:xy(100,scy);
      self:hidden(1);
    end"
  />

  <Layer
    File = "bg/ycbu_lightning.sprite"
    Name = "lightning[1]"
    OnCommand="%function(self)
      xero();
      self:xy(sw - 100,scy);
      self:hidden(1);
    end"
  />

  <!-- GOD HELP ME -->
  <Layer Type = "ActorFrame" Name = "RotateLeft"><children>
    <Layer File = "bg/Rotat e.sprite" Name = "RotateL[1]" />
    <Layer File = "bg/Rotat e.sprite" Name = "RotateL[2]" />
    <Layer File = "bg/Rotat e.sprite" Name = "RotateL[3]" />
    <Layer File = "bg/Rotat e.sprite" Name = "RotateL[4]" />
    <Layer File = "bg/Rotat e.sprite" Name = "RotateL[5]" />
    <Layer File = "bg/Rotat e.sprite" Name = "RotateL[6]" />
    <Layer File = "bg/Rotat e.sprite" Name = "RotateL[7]" />
    <Layer File = "bg/Rotat e.sprite" Name = "RotateL[8]" />
    <Layer File = "bg/Rotat e.sprite" Name = "RotateL[9]" />
    <Layer File = "bg/Rotat e.sprite" Name = "RotateL[10]" />
  </children></Layer>
  <Layer Type = "ActorFrame" Name = "RotateRight"><children>
    <Layer File = "bg/Rotat e.sprite" Name = "RotateR[1]" />
    <Layer File = "bg/Rotat e.sprite" Name = "RotateR[2]" />
    <Layer File = "bg/Rotat e.sprite" Name = "RotateR[3]" />
    <Layer File = "bg/Rotat e.sprite" Name = "RotateR[4]" />
    <Layer File = "bg/Rotat e.sprite" Name = "RotateR[5]" />
    <Layer File = "bg/Rotat e.sprite" Name = "RotateR[6]" />
    <Layer File = "bg/Rotat e.sprite" Name = "RotateR[7]" />
    <Layer File = "bg/Rotat e.sprite" Name = "RotateR[8]" />
    <Layer File = "bg/Rotat e.sprite" Name = "RotateR[9]" />
    <Layer File = "bg/Rotat e.sprite" Name = "RotateR[10]" />
  </children></Layer>

  <Layer Type = "ActorFrame" Name = "BirdLeft"><children>
    <Layer File = "bg/Bird Up.sprite" Name = "BirdL[1]" />
    <Layer File = "bg/Bird Up.sprite" Name = "BirdL[2]" />
    <Layer File = "bg/Bird Up.sprite" Name = "BirdL[3]" />
    <Layer File = "bg/Bird Up.sprite" Name = "BirdL[4]" />
    <Layer File = "bg/Bird Up.sprite" Name = "BirdL[5]" />
    <Layer File = "bg/Bird Up.sprite" Name = "BirdL[6]" />
    <Layer File = "bg/Bird Up.sprite" Name = "BirdL[7]" />
    <Layer File = "bg/Bird Up.sprite" Name = "BirdL[8]" />
    <Layer File = "bg/Bird Up.sprite" Name = "BirdL[9]" />
    <Layer File = "bg/Bird Up.sprite" Name = "BirdL[10]" />
  </children></Layer>
  <Layer Type = "ActorFrame" Name = "BirdRight"><children>
    <Layer File = "bg/Bird Up.sprite" Name = "BirdR[1]" />
    <Layer File = "bg/Bird Up.sprite" Name = "BirdR[2]" />
    <Layer File = "bg/Bird Up.sprite" Name = "BirdR[3]" />
    <Layer File = "bg/Bird Up.sprite" Name = "BirdR[4]" />
    <Layer File = "bg/Bird Up.sprite" Name = "BirdR[5]" />
    <Layer File = "bg/Bird Up.sprite" Name = "BirdR[6]" />
    <Layer File = "bg/Bird Up.sprite" Name = "BirdR[7]" />
    <Layer File = "bg/Bird Up.sprite" Name = "BirdR[8]" />
    <Layer File = "bg/Bird Up.sprite" Name = "BirdR[9]" />
    <Layer File = "bg/Bird Up.sprite" Name = "BirdR[10]" />
  </children></Layer>

  <Layer Type = "ActorFrame" Name = "LakituLeft"><children>
    <Layer File = "bg/Lakitu.sprite" Name = "LakituL[1]" />
    <Layer File = "bg/Lakitu.sprite" Name = "LakituL[2]" />
    <Layer File = "bg/Lakitu.sprite" Name = "LakituL[3]" />
    <Layer File = "bg/Lakitu.sprite" Name = "LakituL[4]" />
    <Layer File = "bg/Lakitu.sprite" Name = "LakituL[5]" />
    <Layer File = "bg/Lakitu.sprite" Name = "LakituL[6]" />
    <Layer File = "bg/Lakitu.sprite" Name = "LakituL[7]" />
    <Layer File = "bg/Lakitu.sprite" Name = "LakituL[8]" />
    <Layer File = "bg/Lakitu.sprite" Name = "LakituL[9]" />
    <Layer File = "bg/Lakitu.sprite" Name = "LakituL[10]" />
  </children></Layer>
  <Layer Type = "ActorFrame" Name = "LakituRight"><children>
    <Layer File = "bg/Lakitu.sprite" Name = "LakituR[1]" />
    <Layer File = "bg/Lakitu.sprite" Name = "LakituR[2]" />
    <Layer File = "bg/Lakitu.sprite" Name = "LakituR[3]" />
    <Layer File = "bg/Lakitu.sprite" Name = "LakituR[4]" />
    <Layer File = "bg/Lakitu.sprite" Name = "LakituR[5]" />
    <Layer File = "bg/Lakitu.sprite" Name = "LakituR[6]" />
    <Layer File = "bg/Lakitu.sprite" Name = "LakituR[7]" />
    <Layer File = "bg/Lakitu.sprite" Name = "LakituR[8]" />
    <Layer File = "bg/Lakitu.sprite" Name = "LakituR[9]" />
    <Layer File = "bg/Lakitu.sprite" Name = "LakituR[10]" />
  </children></Layer>
  <Layer File = "bg/Lakitu.sprite" Name = "FakeLakitu" />
  <Layer File = "bg/Bird Up.sprite" Name = "FakeBird" />
</children></ActorFrame>