<Layer Type = "ActorFrame"><children>
	<Layer Type = "Quad" Name = "_FakeCover" />
	<Layer File = "bg.xml" Name = "Objects" />
	<Layer Type = "ActorProxy" Name = "PC[1]" />
	<Layer Type = "ActorProxy" Name = "PC[2]" />
	<Layer Type = "ActorProxy" Name = "PP[3]" />
	<Layer Type = "ActorProxy" Name = "PJ[1]" />
	<Layer Type = "ActorProxy" Name = "PJ[2]" />
	<Layer Type = "ActorProxy" Name = "PP[1]" />
	<Layer Type = "ActorProxy" Name = "PP[2]" />
	<Layer Type = "ActorProxy" Name = "PL[1]" />
	<Layer Type = "ActorProxy" Name = "PL[2]" />
	<Layer Type = "ActorProxy" Name = "PS[1]" />
	<Layer Type = "ActorProxy" Name = "PS[2]" />
	<Layer
    File = "bg/bullet"
    Name = "bullet1"
    OnCommand = "%function(self)
      xero();
      self:zoom(4)
      self:xy(sw + 30,scy);
      self:texturefiltering(false);
    end"
  />
	<Layer
    File = "bg/bullet"
    Name = "bullet2"
    OnCommand = "%function(self)
      xero();
      self:zoom(4);
			self:zoomx(-4);
      self:xy(-30,scy);
      self:texturefiltering(false);
    end"
  />
	<Layer Type = "ActorFrame" Name = "Firebars"><children>
		<Layer File = "firebar 2x4" Name = "Firebar[1]" />
		<Layer File = "firebar flipped" Name = "Firebar[2]" />
		<Layer File = "firebar 2x4" Name = "Firebar[3]" />
		<Layer File = "firebar flipped" Name = "Firebar[4]" />
		<Layer File = "firebar 2x4" Name = "Firebar[5]" />
		<Layer File = "firebar flipped" Name = "Firebar[6]" />
		<Layer File = "firebar 2x4" Name = "Firebar[7]" />
		<Layer File = "firebar flipped" Name = "Firebar[8]" />
		<Layer File = "firebar 2x4" Name = "Firebar[9]" />
		<Layer File = "firebar flipped" Name = "Firebar[10]" />
	</children></Layer>

	<Layer Type = "Quad" Name = "Cover" />
	<Layer Type = "Sprite" Texture = "duckCrosshair.png" Name = "Crosshair" />

	<Layer
    Type = "BitmapText"
    Font = "_vcr osd mono 30px.ini"
    Text = "--:--"
    Name = "TimeText"
    OnCommand="%function(self)
      xero();
      self:xy(150, sh - 75);
			self:zoom(1.5);
    end"
  />

	<Layer
		Type = "BitmapText"
		Font = "_super mario bros.ini"
		Text = "(Don't worry, You can miss the notes)"
		Name = "HelpText"
		OnCommand = "%function(self)
			xero();
			self:x(scx);
			self:y(sh - 100);
			self:zoom(0.5);
			self:diffusealpha(0);
		end"
	/>
	
	<Layer Type = "ActorFrameTexture" Name = "AngelAFT" />
	<Layer Type = "Sprite" Frag = "angel.frag" Name = "AngelShader" />
	<Layer Type = "ActorFrameTexture" Name = "MarioAFT" />
	<Layer Type = "Sprite" Frag = "vcrMario85.frag" Name = "MarioShader" />
	<Layer Type = "ActorFrameTexture" Name = "CRTAFT" />
	<Layer Type = "Sprite" Frag = "oldtv.frag" Name = "CRTShader" />
	<Layer Type = "ActorFrameTexture" Name = "StaticAFT" />
	<Layer Type = "Sprite" Frag = "vhsStatic.frag" Name = "StaticShader" />
	<Layer Type = "ActorFrameTexture" Name = "BorderAFT" />
	<Layer Type = "Sprite" Frag = "vcrBorder.frag" Name = "BorderShader" />

	<Layer File = "level1" Name = "Level[1]" />
	<Layer File = "level2" Name = "Level[2]" />
	<Layer File = "level3" Name = "Level[3]" />
	<Layer File = "level4" Name = "Level[4]" />
	
	<!-- TIP: Having Problems for Screen Zoom? Just use actorframetexture instead of topscreen cuz it's center aligned -->
	<Layer Type = "ActorFrameTexture" Name = "CameraAFT" />
	<Layer Type = "Quad" Name = "CameraCover" />
	<Layer Type = "Sprite" Name = "CameraSpr" />
</children></Layer>
