﻿<?xml version="1.0" encoding="utf-8"?>
<TextureAtlas imagePath="Baldi_Nut.png">
	<!-- Created with Adobe Animate version 24.0.1.329 -->
	<!-- http://www.adobe.com/products/animate.html -->
	<SubTexture name="Bald Down0000" x="3205" y="993" width="610" height="103" frameX="0" frameY="-147" frameWidth="610" frameHeight="250"/>
	<SubTexture name="Bald Down0001" x="1797" y="954" width="539" height="181" frameX="-36" frameY="-69" frameWidth="610" frameHeight="250"/>
	<SubTexture name="Bald Down0002" x="2966" y="720" width="498" height="208" frameX="-56" frameY="-42" frameWidth="610" frameHeight="250"/>
	<SubTexture name="Bald Down0003" x="2242" y="720" width="469" height="222" frameX="-71" frameY="-28" frameWidth="610" frameHeight="250"/>
	<SubTexture name="Bald Down0004" x="1797" y="720" width="445" height="234" frameX="-83" frameY="-16" frameWidth="610" frameHeight="250"/>
	<SubTexture name="Bald Down0005" x="3464" y="743" width="411" height="250" frameX="-100" frameY="0" frameWidth="610" frameHeight="250"/>
	<SubTexture name="Bald Idle0000" x="0" y="360" width="500" height="360"/>
	<SubTexture name="Bald Idle0001" x="2893" y="360" width="438" height="360" frameX="-31" frameY="0" frameWidth="500" frameHeight="360"/>
	<SubTexture name="Bald Idle0002" x="3331" y="360" width="430" height="360" frameX="-35" frameY="0" frameWidth="500" frameHeight="360"/>
	<SubTexture name="Bald Idle0003" x="0" y="720" width="406" height="360" frameX="-47" frameY="0" frameWidth="500" frameHeight="360"/>
	<SubTexture name="Bald Idle0004" x="406" y="720" width="387" height="360" frameX="-56" frameY="0" frameWidth="500" frameHeight="360"/>
	<SubTexture name="Bald Idle0005" x="793" y="720" width="369" height="360" frameX="-65" frameY="0" frameWidth="500" frameHeight="360"/>
	<SubTexture name="Bald Idle0006" x="1162" y="720" width="360" height="360" frameX="-69" frameY="0" frameWidth="500" frameHeight="360"/>
	<SubTexture name="Bald Left0000" x="690" y="0" width="608" height="360"/>
	<SubTexture name="Bald Left0001" x="1886" y="0" width="566" height="360" frameX="-39" frameY="0" frameWidth="608" frameHeight="360"/>
	<SubTexture name="Bald Left0002" x="2994" y="0" width="518" height="360" frameX="-82" frameY="0" frameWidth="608" frameHeight="360"/>
	<SubTexture name="Bald Left0003" x="3512" y="0" width="501" height="360" frameX="-98" frameY="0" frameWidth="608" frameHeight="360"/>
	<SubTexture name="Bald Left0004" x="998" y="360" width="487" height="360" frameX="-111" frameY="0" frameWidth="608" frameHeight="360"/>
	<SubTexture name="Bald Left0005" x="1961" y="360" width="469" height="360" frameX="-127" frameY="0" frameWidth="608" frameHeight="360"/>
	<SubTexture name="Bald Right0000" x="0" y="0" width="690" height="360"/>
	<SubTexture name="Bald Right0001" x="1298" y="0" width="588" height="360" frameX="-1" frameY="0" frameWidth="690" frameHeight="360"/>
	<SubTexture name="Bald Right0002" x="2452" y="0" width="542" height="360" frameX="-2" frameY="0" frameWidth="690" frameHeight="360"/>
	<SubTexture name="Bald Right0003" x="500" y="360" width="498" height="360" frameX="-3" frameY="0" frameWidth="690" frameHeight="360"/>
	<SubTexture name="Bald Right0004" x="1485" y="360" width="476" height="360" frameX="-3" frameY="0" frameWidth="690" frameHeight="360"/>
	<SubTexture name="Bald Right0005" x="2430" y="360" width="463" height="360" frameX="-3" frameY="0" frameWidth="690" frameHeight="360"/>
	<SubTexture name="Bald Up0000" x="3875" y="743" width="173" height="485" frameX="-59" frameY="0" frameWidth="291" frameHeight="485"/>
	<SubTexture name="Bald Up0001" x="2966" y="928" width="239" height="421" frameX="-26" frameY="-64" frameWidth="291" frameHeight="485"/>
	<SubTexture name="Bald Up0002" x="2711" y="720" width="255" height="407" frameX="-18" frameY="-78" frameWidth="291" frameHeight="485"/>
	<SubTexture name="Bald Up0003" x="1522" y="720" width="275" height="396" frameX="-8" frameY="-89" frameWidth="291" frameHeight="485"/>
	<SubTexture name="Bald Up0004" x="3761" y="360" width="291" height="383" frameX="0" frameY="-102" frameWidth="291" frameHeight="485"/>
</TextureAtlas>
