{
	"animations": [
		{
			"offsets": [
				0,
				0
			],
			"loop": false,
			"fps": 24,
			"anim": "idle",
			"indices": [],
			"name": "Bald Idle"
		},
		{
			"offsets": [
				26,
				-55
			],
			"loop": false,
			"fps": 24,
			"anim": "singDOWN",
			"indices": [],
			"name": "Bald Down"
		},
		{
			"offsets": [
				81,
				0
			],
			"loop": false,
			"fps": 24,
			"anim": "singLEFT",
			"indices": [],
			"name": "Bald Left"
		},
		{
			"offsets": [
				-52,
				63
			],
			"loop": false,
			"fps": 24,
			"anim": "singUP",
			"indices": [],
			"name": "Bald Up"
		},
		{
			"offsets": [
				-33,
				0
			],
			"loop": false,
			"fps": 24,
			"anim": "singRIGHT",
			"indices": [],
			"name": "Bald Right"
		}
	],
	"no_antialiasing": true,
	"image": "characters/Baldi_Nut",
	"position": [
		-100,
		200
	],
	"healthicon": "baldi",
	"flip_x": false,
	"healthbar_colors": [
		0,
		255,
		0
	],
	"camera_position": [
		-40,
		180
	],
	"sing_duration": 4,
	"scale": 0.5
}